<?xml version="1.0" encoding="UTF-8"?>
<!DOCTYPE mapper PUBLIC "-//mybatis.org//DTD Mapper 3.0//EN" "http://mybatis.org/dtd/mybatis-3-mapper.dtd">
<mapper namespace="com.wang.mapper.AdminMapper">
    <resultMap id="BaseResultMap" type="com.wang.domain.Admin">
        <id column="admin_id" jdbcType="INTEGER" property="adminId"/>
        <result column="admin_name" jdbcType="VARCHAR" property="adminName"/>
        <result column="admin_pwd" jdbcType="VARCHAR" property="adminPwd"/>
        <result column="admin_email" jdbcType="VARCHAR" property="adminEmail"/>
    </resultMap>
    <sql id="Example_Where_Clause">
        <where>
            <foreach collection="oredCriteria" item="criteria" separator="or">
                <if test="criteria.valid">
                    <trim prefix="(" prefixOverrides="and" suffix=")">
                        <foreach collection="criteria.criteria" item="criterion">
                            <choose>
                                <when test="criterion.noValue">
                                    and ${criterion.condition}
                                </when>
                                <when test="criterion.singleValue">
                                    and ${criterion.condition} #{criterion.value}
                                </when>
                                <when test="criterion.betweenValue">
                                    and ${criterion.condition} #{criterion.value} and #{criterion.secondValue}
                                </when>
                                <when test="criterion.listValue">
                                    and ${criterion.condition}
                                    <foreach close=")" collection="criterion.value" item="listItem" open="("
                                             separator=",">
                                        #{listItem}
                                    </foreach>
                                </when>
                            </choose>
                        </foreach>
                    </trim>
                </if>
            </foreach>
        </where>
    </sql>
    <sql id="Update_By_Example_Where_Clause">
        <where>
            <foreach collection="example.oredCriteria" item="criteria" separator="or">
                <if test="criteria.valid">
                    <trim prefix="(" prefixOverrides="and" suffix=")">
                        <foreach collection="criteria.criteria" item="criterion">
                            <choose>
                                <when test="criterion.noValue">
                                    and ${criterion.condition}
                                </when>
                                <when test="criterion.singleValue">
                                    and ${criterion.condition} #{criterion.value}
                                </when>
                                <when test="criterion.betweenValue">
                                    and ${criterion.condition} #{criterion.value} and #{criterion.secondValue}
                                </when>
                                <when test="criterion.listValue">
                                    and ${criterion.condition}
                                    <foreach close=")" collection="criterion.value" item="listItem" open="("
                                             separator=",">
                                        #{listItem}
                                    </foreach>
                                </when>
                            </choose>
                        </foreach>
                    </trim>
                </if>
            </foreach>
        </where>
    </sql>
    <sql id="Base_Column_List">
        admin_id, admin_name, admin_pwd, admin_email
    </sql>
    
    <select id="selectByExample" parameterType="com.wang.domain.AdminExample" resultMap="BaseResultMap">
        select
        <if test="distinct">
            distinct
        </if>
        'true' as QUERYID,
        <include refid="Base_Column_List"/>
        from admin
        <if test="_parameter != null">
            <include refid="Example_Where_Clause"/>
        </if>
        <if test="orderByClause != null">
            order by ${orderByClause}
        </if>
    </select>
    
    <select id="selectByPrimaryKey" parameterType="java.lang.Integer" resultMap="BaseResultMap">
        select
        <include refid="Base_Column_List"/>
        from admin
        where admin_id = #{adminId,jdbcType=INTEGER}
    </select>
    <delete id="deleteByPrimaryKey" parameterType="java.lang.Integer">
        delete
        from admin
        where admin_id = #{adminId,jdbcType=INTEGER}
    </delete>
    <delete id="deleteByExample" parameterType="com.wang.domain.AdminExample">
        delete from admin
        <if test="_parameter != null">
            <include refid="Example_Where_Clause"/>
        </if>
    </delete>
    <insert id="insert" parameterType="com.wang.domain.Admin">
        insert into admin (admin_id, admin_name, admin_pwd,
                             admin_email)
        values (#{adminId,jdbcType=INTEGER}, #{adminName,jdbcType=VARCHAR}, #{adminPwd,jdbcType=VARCHAR},
                #{adminEmail,jdbcType=VARCHAR})
    </insert>
    <insert id="insertSelective" parameterType="com.wang.domain.Admin">
        insert into admin
        <trim prefix="(" suffix=")" suffixOverrides=",">
            <if test="adminId != null">
                admin_id,
            </if>
            <if test="adminName != null">
                admin_name,
            </if>
            <if test="adminPwd != null">
                admin_pwd,
            </if>
            <if test="adminEmail != null">
                admin_email,
            </if>
        </trim>
        <trim prefix="values (" suffix=")" suffixOverrides=",">
            <if test="adminId != null">
                #{adminId,jdbcType=INTEGER},
            </if>
            <if test="adminName != null">
                #{adminName,jdbcType=VARCHAR},
            </if>
            <if test="adminPwd != null">
                #{adminPwd,jdbcType=VARCHAR},
            </if>
            <if test="adminEmail != null">
                #{adminEmail,jdbcType=VARCHAR},
            </if>
        </trim>
    </insert>
    <select id="countByExample" parameterType="com.wang.domain.AdminExample" resultType="java.lang.Long">
        select count(*) from admin
        <if test="_parameter != null">
            <include refid="Example_Where_Clause"/>
        </if>
    </select>
    <update id="updateByExampleSelective" parameterType="map">
        update admin
        <set>
            <if test="record.adminId != null">
                admin_id = #{record.adminId,jdbcType=INTEGER},
            </if>
            <if test="record.adminName != null">
                admin_name = #{record.adminName,jdbcType=VARCHAR},
            </if>
            <if test="record.adminPwd != null">
                admin_pwd = #{record.adminPwd,jdbcType=VARCHAR},
            </if>
            <if test="record.adminEmail != null">
                admin_email = #{record.adminEmail,jdbcType=VARCHAR},
            </if>
        </set>
        <if test="_parameter != null">
            <include refid="Update_By_Example_Where_Clause"/>
        </if>
    </update>
    <update id="updateByExample" parameterType="map">
        update admin
        set admin_id = #{record.adminId,jdbcType=INTEGER},
        admin_name = #{record.adminName,jdbcType=VARCHAR},
        admin_pwd = #{record.adminPwd,jdbcType=VARCHAR},
        admin_email = #{record.adminEmail,jdbcType=VARCHAR}
        <if test="_parameter != null">
            <include refid="Update_By_Example_Where_Clause"/>
        </if>
    </update>
    
    <update id="updateByPrimaryKeySelective" parameterType="com.wang.domain.Admin">
        update admin
        <set>
            <if test="adminName != null">
                admin_name = #{adminName,jdbcType=VARCHAR},
            </if>
            <if test="adminPwd != null">
                admin_pwd = #{adminPwd,jdbcType=VARCHAR},
            </if>
            <if test="adminEmail != null">
                admin_email = #{adminEmail,jdbcType=VARCHAR},
            </if>
        </set>
        where admin_id = #{adminId,jdbcType=INTEGER}
    </update>
    
    <update id="updateByPrimaryKey" parameterType="com.wang.domain.Admin">
        update admin
        set admin_name  = #{adminName,jdbcType=VARCHAR},
            admin_pwd   = #{adminPwd,jdbcType=VARCHAR},
            admin_email = #{adminEmail,jdbcType=VARCHAR}
        where admin_id = #{adminId,jdbcType=INTEGER}
    </update>
    
</mapper>