<?xml version="1.0" encoding="UTF-8"?>
<!DOCTYPE mapper PUBLIC "-//mybatis.org//DTD Mapper 3.0//EN" "http://mybatis.org/dtd/mybatis-3-mapper.dtd">
<mapper namespace="com.wang.mapper.BookCategoryMapper">
    <resultMap id="BaseResultMap" type="com.wang.domain.BookCategory">
        <id column="category_id" jdbcType="INTEGER" property="categoryId"/>
        <result column="category_name" jdbcType="VARCHAR" property="categoryName"/>
    </resultMap>
    <sql id="Example_Where_Clause">
        <where>
            <foreach collection="oredCriteria" item="criteria" separator="or">
                <if test="criteria.valid">
                    <trim prefix="(" prefixOverrides="and" suffix=")">
                        <foreach collection="criteria.criteria" item="criterion">
                            <choose>
                                <when test="criterion.noValue">
                                    and ${criterion.condition}
                                </when>
                                <when test="criterion.singleValue">
                                    and ${criterion.condition} #{criterion.value}
                                </when>
                                <when test="criterion.betweenValue">
                                    and ${criterion.condition} #{criterion.value} and #{criterion.secondValue}
                                </when>
                                <when test="criterion.listValue">
                                    and ${criterion.condition}
                                    <foreach close=")" collection="criterion.value" item="listItem" open="("
                                             separator=",">
                                        #{listItem}
                                    </foreach>
                                </when>
                            </choose>
                        </foreach>
                    </trim>
                </if>
            </foreach>
        </where>
    </sql>
    <sql id="Update_By_Example_Where_Clause">
        <where>
            <foreach collection="example.oredCriteria" item="criteria" separator="or">
                <if test="criteria.valid">
                    <trim prefix="(" prefixOverrides="and" suffix=")">
                        <foreach collection="criteria.criteria" item="criterion">
                            <choose>
                                <when test="criterion.noValue">
                                    and ${criterion.condition}
                                </when>
                                <when test="criterion.singleValue">
                                    and ${criterion.condition} #{criterion.value}
                                </when>
                                <when test="criterion.betweenValue">
                                    and ${criterion.condition} #{criterion.value} and #{criterion.secondValue}
                                </when>
                                <when test="criterion.listValue">
                                    and ${criterion.condition}
                                    <foreach close=")" collection="criterion.value" item="listItem" open="("
                                             separator=",">
                                        #{listItem}
                                    </foreach>
                                </when>
                            </choose>
                        </foreach>
                    </trim>
                </if>
            </foreach>
        </where>
    </sql>
    <sql id="Base_Column_List">
        category_id, category_name
    </sql>
    <select id="selectByExample" parameterType="com.wang.domain.BookCategoryExample" resultMap="BaseResultMap">
        select
        <if test="distinct">
            distinct
        </if>
        'true' as QUERYID,
        <include refid="Base_Column_List"/>
        from book_category
        <if test="_parameter != null">
            <include refid="Example_Where_Clause"/>
        </if>
        <if test="orderByClause != null">
            order by ${orderByClause}
        </if>
    </select>
    <select id="selectByPrimaryKey" parameterType="java.lang.Integer" resultMap="BaseResultMap">
        select
        <include refid="Base_Column_List"/>
        from book_category
        where category_id = #{categoryId,jdbcType=INTEGER}
    </select>
    <delete id="deleteByPrimaryKey" parameterType="java.lang.Integer">
        delete
        from book_category
        where category_id = #{categoryId,jdbcType=INTEGER}
    </delete>
    <delete id="deleteByExample" parameterType="com.wang.domain.BookCategoryExample">
        delete from book_category
        <if test="_parameter != null">
            <include refid="Example_Where_Clause"/>
        </if>
    </delete>
    <insert id="insert" parameterType="com.wang.domain.BookCategory">
        insert into book_category (category_id, category_name)
        values (#{categoryId,jdbcType=INTEGER}, #{categoryName,jdbcType=VARCHAR})
    </insert>
    <insert id="insertSelective" parameterType="com.wang.domain.BookCategory">
        insert into book_category
        <trim prefix="(" suffix=")" suffixOverrides=",">
            <if test="categoryId != null">
                category_id,
            </if>
            <if test="categoryName != null">
                category_name,
            </if>
        </trim>
        <trim prefix="values (" suffix=")" suffixOverrides=",">
            <if test="categoryId != null">
                #{categoryId,jdbcType=INTEGER},
            </if>
            <if test="categoryName != null">
                #{categoryName,jdbcType=VARCHAR},
            </if>
        </trim>
    </insert>
    <select id="countByExample" parameterType="com.wang.domain.BookCategoryExample" resultType="java.lang.Long">
        select count(*) from book_category
        <if test="_parameter != null">
            <include refid="Example_Where_Clause"/>
        </if>
    </select>
    <update id="updateByExampleSelective" parameterType="map">
        update book_category
        <set>
            <if test="record.categoryId != null">
                category_id = #{record.categoryId,jdbcType=INTEGER},
            </if>
            <if test="record.categoryName != null">
                category_name = #{record.categoryName,jdbcType=VARCHAR},
            </if>
        </set>
        <if test="_parameter != null">
            <include refid="Update_By_Example_Where_Clause"/>
        </if>
    </update>
    <update id="updateByExample" parameterType="map">
        update book_category
        set category_id = #{record.categoryId,jdbcType=INTEGER},
        category_name = #{record.categoryName,jdbcType=VARCHAR}
        <if test="_parameter != null">
            <include refid="Update_By_Example_Where_Clause"/>
        </if>
    </update>
    <update id="updateByPrimaryKeySelective" parameterType="com.wang.domain.BookCategory">
        update book_category
        <set>
            <if test="categoryName != null">
                category_name = #{categoryName,jdbcType=VARCHAR},
            </if>
        </set>
        where category_id = #{categoryId,jdbcType=INTEGER}
    </update>
    <update id="updateByPrimaryKey" parameterType="com.wang.domain.BookCategory">
        update book_category
        set category_name = #{categoryName,jdbcType=VARCHAR}
        where category_id = #{categoryId,jdbcType=INTEGER}
    </update>

    <!-- 分页查询-->
    <select id="selectByPageNum" resultMap="BaseResultMap">
        select *
        from book_category
        limit #{currIndex},#{pageSize}
    </select>
    <select id="selectAllCount" resultType="Integer">
        select count(*)
        from book_category
    </select>
</mapper>