<?xml version="1.0" encoding="UTF-8"?>
<!DOCTYPE mapper PUBLIC "-//mybatis.org//DTD Mapper 3.0//EN" "http://mybatis.org/dtd/mybatis-3-mapper.dtd">
<mapper namespace="com.wang.mapper.BorrowingBooksMapper">
    <resultMap id="BaseResultMap" type="com.wang.domain.BorrowingBooks">
        <id column="id" jdbcType="INTEGER" property="id"/>
        <result column="user_id" jdbcType="INTEGER" property="userId"/>
        <result column="book_id" jdbcType="INTEGER" property="bookId"/>
        <result column="date" jdbcType="DATE" property="date"/>
    </resultMap>
    <sql id="Example_Where_Clause">
        <where>
            <foreach collection="oredCriteria" item="criteria" separator="or">
                <if test="criteria.valid">
                    <trim prefix="(" prefixOverrides="and" suffix=")">
                        <foreach collection="criteria.criteria" item="criterion">
                            <choose>
                                <when test="criterion.noValue">
                                    and ${criterion.condition}
                                </when>
                                <when test="criterion.singleValue">
                                    and ${criterion.condition} #{criterion.value}
                                </when>
                                <when test="criterion.betweenValue">
                                    and ${criterion.condition} #{criterion.value} and #{criterion.secondValue}
                                </when>
                                <when test="criterion.listValue">
                                    and ${criterion.condition}
                                    <foreach close=")" collection="criterion.value" item="listItem" open="("
                                             separator=",">
                                        #{listItem}
                                    </foreach>
                                </when>
                            </choose>
                        </foreach>
                    </trim>
                </if>
            </foreach>
        </where>
    </sql>
    <sql id="Update_By_Example_Where_Clause">
        <where>
            <foreach collection="example.oredCriteria" item="criteria" separator="or">
                <if test="criteria.valid">
                    <trim prefix="(" prefixOverrides="and" suffix=")">
                        <foreach collection="criteria.criteria" item="criterion">
                            <choose>
                                <when test="criterion.noValue">
                                    and ${criterion.condition}
                                </when>
                                <when test="criterion.singleValue">
                                    and ${criterion.condition} #{criterion.value}
                                </when>
                                <when test="criterion.betweenValue">
                                    and ${criterion.condition} #{criterion.value} and #{criterion.secondValue}
                                </when>
                                <when test="criterion.listValue">
                                    and ${criterion.condition}
                                    <foreach close=")" collection="criterion.value" item="listItem" open="("
                                             separator=",">
                                        #{listItem}
                                    </foreach>
                                </when>
                            </choose>
                        </foreach>
                    </trim>
                </if>
            </foreach>
        </where>
    </sql>
    <sql id="Base_Column_List">
        id, user_id, book_id, date
    </sql>
    <select id="selectByExample" parameterType="com.wang.domain.BorrowingBooksExample" resultMap="BaseResultMap">
        select
        <if test="distinct">
            distinct
        </if>
        'true' as QUERYID,
        <include refid="Base_Column_List"/>
        from borrowingbooks
        <if test="_parameter != null">
            <include refid="Example_Where_Clause"/>
        </if>
        <if test="orderByClause != null">
            order by ${orderByClause}
        </if>
    </select>
    <select id="selectByPrimaryKey" parameterType="java.lang.Integer" resultMap="BaseResultMap">
        select
        <include refid="Base_Column_List"/>
        from borrowingbooks
        where id = #{id,jdbcType=INTEGER}
    </select>
    <delete id="deleteByPrimaryKey" parameterType="java.lang.Integer">
        delete
        from borrowingbooks
        where id = #{id,jdbcType=INTEGER}
    </delete>
    <delete id="deleteByExample" parameterType="com.wang.domain.BorrowingBooksExample">
        delete from borrowingbooks
        <if test="_parameter != null">
            <include refid="Example_Where_Clause"/>
        </if>
    </delete>
    <insert id="insert" parameterType="com.wang.domain.BorrowingBooks">
        insert into borrowingbooks (id, user_id, book_id,
                                    date)
        values (#{id,jdbcType=INTEGER}, #{userId,jdbcType=INTEGER}, #{bookId,jdbcType=INTEGER},
                #{date,jdbcType=DATE})
    </insert>
    <insert id="insertSelective" parameterType="com.wang.domain.BorrowingBooks">
        insert into borrowingbooks
        <trim prefix="(" suffix=")" suffixOverrides=",">
            <if test="id != null">
                id,
            </if>
            <if test="userId != null">
                user_id,
            </if>
            <if test="bookId != null">
                book_id,
            </if>
            <if test="date != null">
                date,
            </if>
        </trim>
        <trim prefix="values (" suffix=")" suffixOverrides=",">
            <if test="id != null">
                #{id,jdbcType=INTEGER},
            </if>
            <if test="userId != null">
                #{userId,jdbcType=INTEGER},
            </if>
            <if test="bookId != null">
                #{bookId,jdbcType=INTEGER},
            </if>
            <if test="date != null">
                #{date,jdbcType=DATE},
            </if>
        </trim>
    </insert>
    <select id="countByExample" parameterType="com.wang.domain.BorrowingBooksExample" resultType="java.lang.Long">
        select count(*) from borrowingbooks
        <if test="_parameter != null">
            <include refid="Example_Where_Clause"/>
        </if>
    </select>
    <update id="updateByExampleSelective" parameterType="map">
        update borrowingbooks
        <set>
            <if test="record.id != null">
                id = #{record.id,jdbcType=INTEGER},
            </if>
            <if test="record.userId != null">
                user_id = #{record.userId,jdbcType=INTEGER},
            </if>
            <if test="record.bookId != null">
                book_id = #{record.bookId,jdbcType=INTEGER},
            </if>
            <if test="record.date != null">
                date = #{record.date,jdbcType=DATE},
            </if>
        </set>
        <if test="_parameter != null">
            <include refid="Update_By_Example_Where_Clause"/>
        </if>
    </update>
    <update id="updateByExample" parameterType="map">
        update borrowingbooks
        set id = #{record.id,jdbcType=INTEGER},
        user_id = #{record.userId,jdbcType=INTEGER},
        book_id = #{record.bookId,jdbcType=INTEGER},
        date = #{record.date,jdbcType=DATE}
        <if test="_parameter != null">
            <include refid="Update_By_Example_Where_Clause"/>
        </if>
    </update>
    <update id="updateByPrimaryKeySelective" parameterType="com.wang.domain.BorrowingBooks">
        update borrowingbooks
        <set>
            <if test="userId != null">
                user_id = #{userId,jdbcType=INTEGER},
            </if>
            <if test="bookId != null">
                book_id = #{bookId,jdbcType=INTEGER},
            </if>
            <if test="date != null">
                date = #{date,jdbcType=DATE},
            </if>
        </set>
        where id = #{id,jdbcType=INTEGER}
    </update>
    <update id="updateByPrimaryKey" parameterType="com.wang.domain.BorrowingBooks">
        update borrowingbooks
        set user_id = #{userId,jdbcType=INTEGER},
            book_id = #{bookId,jdbcType=INTEGER},
            date    = #{date,jdbcType=DATE}
        where id = #{id,jdbcType=INTEGER}
    </update>


    <!--查询用户的所有借书记录-->
    <select id="selectAllBorrowRecord" resultMap="BaseResultMap">
        select *
        from borrowingbooks
        where user_id = #{userId}
        order by `date`;
    </select>

    <!-- 查询该userId用户的总借书记录数目-->
    <select id="selectAllRecordCount" resultType="Integer">
        select count(*)
        from borrowingbooks
        where user_id = #{userId}
    </select>

    <select id="selectAllByPage" resultMap="BaseResultMap">
        select *
        from borrowingbooks
        limit #{currIndex},#{pageSize}
    </select>

    <select id="selectAll" resultType="Integer">
        select count(*)
        from borrowingbooks
    </select>
</mapper>