<?xml version="1.0" encoding="UTF-8"?>
<!DOCTYPE mapper PUBLIC "-//mybatis.org//DTD Mapper 3.0//EN" "http://mybatis.org/dtd/mybatis-3-mapper.dtd">
<mapper namespace="com.wang.mapper.UserMapper">
    <resultMap id="BaseResultMap" type="com.wang.domain.User">
        <id column="user_id" jdbcType="INTEGER" property="userId"/>
        <result column="user_name" jdbcType="VARCHAR" property="userName"/>
        <result column="user_pwd" jdbcType="VARCHAR" property="userPwd"/>
        <result column="user_email" jdbcType="VARCHAR" property="userEmail"/>
    </resultMap>
    <sql id="Example_Where_Clause">
        <where>
            <foreach collection="oredCriteria" item="criteria" separator="or">
                <if test="criteria.valid">
                    <trim prefix="(" prefixOverrides="and" suffix=")">
                        <foreach collection="criteria.criteria" item="criterion">
                            <choose>
                                <when test="criterion.noValue">
                                    and ${criterion.condition}
                                </when>
                                <when test="criterion.singleValue">
                                    and ${criterion.condition} #{criterion.value}
                                </when>
                                <when test="criterion.betweenValue">
                                    and ${criterion.condition} #{criterion.value} and #{criterion.secondValue}
                                </when>
                                <when test="criterion.listValue">
                                    and ${criterion.condition}
                                    <foreach close=")" collection="criterion.value" item="listItem" open="("
                                             separator=",">
                                        #{listItem}
                                    </foreach>
                                </when>
                            </choose>
                        </foreach>
                    </trim>
                </if>
            </foreach>
        </where>
    </sql>
    <sql id="Update_By_Example_Where_Clause">
        <where>
            <foreach collection="example.oredCriteria" item="criteria" separator="or">
                <if test="criteria.valid">
                    <trim prefix="(" prefixOverrides="and" suffix=")">
                        <foreach collection="criteria.criteria" item="criterion">
                            <choose>
                                <when test="criterion.noValue">
                                    and ${criterion.condition}
                                </when>
                                <when test="criterion.singleValue">
                                    and ${criterion.condition} #{criterion.value}
                                </when>
                                <when test="criterion.betweenValue">
                                    and ${criterion.condition} #{criterion.value} and #{criterion.secondValue}
                                </when>
                                <when test="criterion.listValue">
                                    and ${criterion.condition}
                                    <foreach close=")" collection="criterion.value" item="listItem" open="("
                                             separator=",">
                                        #{listItem}
                                    </foreach>
                                </when>
                            </choose>
                        </foreach>
                    </trim>
                </if>
            </foreach>
        </where>
    </sql>
    <sql id="Base_Column_List">
        user_id, user_name, user_pwd, user_email
    </sql>
    <select id="selectByExample" parameterType="com.wang.domain.UserExample" resultMap="BaseResultMap">
        select
        <if test="distinct">
            distinct
        </if>
        'true' as QUERYID,
        <include refid="Base_Column_List"/>
        from user
        <if test="_parameter != null">
            <include refid="Example_Where_Clause"/>
        </if>
        <if test="orderByClause != null">
            order by ${orderByClause}
        </if>
    </select>
    <select id="selectByPrimaryKey" parameterType="java.lang.Integer" resultMap="BaseResultMap">
        select
        <include refid="Base_Column_List"/>
        from user
        where user_id = #{userId,jdbcType=INTEGER}
    </select>
    <delete id="deleteByPrimaryKey" parameterType="java.lang.Integer">
        delete
        from user
        where user_id = #{userId,jdbcType=INTEGER}
    </delete>
    <delete id="deleteByExample" parameterType="com.wang.domain.UserExample">
        delete from user
        <if test="_parameter != null">
            <include refid="Example_Where_Clause"/>
        </if>
    </delete>
    <insert id="insert" parameterType="com.wang.domain.User">
        insert into user (user_id, user_name, user_pwd,
                            user_email)
        values (#{userId,jdbcType=INTEGER}, #{userName,jdbcType=VARCHAR}, #{userPwd,jdbcType=VARCHAR},
                #{userEmail,jdbcType=VARCHAR})
    </insert>
    <insert id="insertSelective" parameterType="com.wang.domain.User">
        insert into user
        <trim prefix="(" suffix=")" suffixOverrides=",">
            <if test="userId != null">
                user_id,
            </if>
            <if test="userName != null">
                user_name,
            </if>
            <if test="userPwd != null">
                user_pwd,
            </if>
            <if test="userEmail != null">
                user_email,
            </if>
        </trim>
        <trim prefix="values (" suffix=")" suffixOverrides=",">
            <if test="userId != null">
                #{userId,jdbcType=INTEGER},
            </if>
            <if test="userName != null">
                #{userName,jdbcType=VARCHAR},
            </if>
            <if test="userPwd != null">
                #{userPwd,jdbcType=VARCHAR},
            </if>
            <if test="userEmail != null">
                #{userEmail,jdbcType=VARCHAR},
            </if>
        </trim>
    </insert>
    <select id="countByExample" parameterType="com.wang.domain.UserExample" resultType="java.lang.Long">
        select count(*) from user
        <if test="_parameter != null">
            <include refid="Example_Where_Clause"/>
        </if>
    </select>
    <update id="updateByExampleSelective" parameterType="map">
        update user
        <set>
            <if test="record.userId != null">
                user_id = #{record.userId,jdbcType=INTEGER},
            </if>
            <if test="record.userName != null">
                user_name = #{record.userName,jdbcType=VARCHAR},
            </if>
            <if test="record.userPwd != null">
                user_pwd = #{record.userPwd,jdbcType=VARCHAR},
            </if>
            <if test="record.userEmail != null">
                user_email = #{record.userEmail,jdbcType=VARCHAR},
            </if>
        </set>
        <if test="_parameter != null">
            <include refid="Update_By_Example_Where_Clause"/>
        </if>
    </update>
    <update id="updateByExample" parameterType="map">
        update user
        set user_id = #{record.userId,jdbcType=INTEGER},
        user_name = #{record.userName,jdbcType=VARCHAR},
        user_pwd = #{record.userPwd,jdbcType=VARCHAR},
        user_email = #{record.userEmail,jdbcType=VARCHAR}
        <if test="_parameter != null">
            <include refid="Update_By_Example_Where_Clause"/>
        </if>
    </update>
    <update id="updateByPrimaryKeySelective" parameterType="com.wang.domain.User">
        update user
        <set>
            <if test="userName != null">
                user_name = #{userName,jdbcType=VARCHAR},
            </if>
            <if test="userPwd != null">
                user_pwd = #{userPwd,jdbcType=VARCHAR},
            </if>
            <if test="userEmail != null">
                user_email = #{userEmail,jdbcType=VARCHAR},
            </if>
        </set>
        where user_id = #{userId,jdbcType=INTEGER}
    </update>
    
    <update id="updateByPrimaryKey" parameterType="com.wang.domain.User">
        update user
        set user_name  = #{userName,jdbcType=VARCHAR},
            user_pwd   = #{userPwd,jdbcType=VARCHAR},
            user_email = #{userEmail,jdbcType=VARCHAR}
        where user_id = #{userId,jdbcType=INTEGER}
    </update>

    <!-- 分页查询用户-->
    <select id="selectByPageNum" resultMap="BaseResultMap">
        select *
        from user
        limit #{currIndex},#{pageSize}
    </select>

    <select id="selectUserCount" resultType="Integer">
        select count(*)
        from user
    </select>
</mapper>